Country,Year,Literarcy rate,Disease_deaths,Road traffic death rate,Suicide rate,Deaths,ParentLocationCode,Country Code,GDP,Population,Population of children under the age of 1,Population of children under the age of 5,Population of children under the age of 15,Population under the age of 25
Albania,2001,98.71298,125,14.5,4.74,5.872,EUR,ALB,3922.1007935403,3.153615,0.051341,0.272195,0.909758,1.453973
Albania,2008,95.93864,131,14.5,8.09,6.57,EUR,ALB,12881.3528936855,2.95169,0.035026,0.183431,0.669407,1.210899
Albania,2011,96.8453,134,14.3,7.63,7.238,EUR,ALB,12890.760315146,2.90066,0.034353,0.168604,0.587289,1.118666
Albania,2012,97.24697,130,13.8,4.82,7.573,EUR,ALB,12319.834195331,2.892191,0.034584,0.167755,0.567336,1.092508
Albania,2015,97.5539,66,13.8,4.23,7.947,EUR,ALB,11386.8531130189,2.882482,0.033567,0.167618,0.523652,1.019225
Algeria,2002,69.8735,135,22.8,4.43,4.932,AFR,DZA,56760.355865008205,31.6247,0.593676,2.925094,10.018934,17.336968
Algeria,2006,72.64868,115,22.2,3.65,4.947,AFR,DZA,117027.280155386,33.435082,0.696782,3.176888,9.573292,17.065016
Algeria,2008,75.13605,121,22.4,3.31,4.91,AFR,DZA,171000.699876747,34.56959,0.77241,3.480675,9.622867,17.042392
Algeria,2015,79.6084,85,21.2,2.72,4.437,AFR,DZA,165979.224866131,39.543148,0.97597,4.623426,11.468788,17.929854
Angola,2001,67.40542,372,25.2,17.4593,17.789,AFR,AGO,8936.079251420932,16.941584,0.72708,3.157953,7.845165,11.06629
Angola,2014,66.03011,244,23.2,13.1431,9.181,AFR,AGO,135966.80215654202,27.12834,1.091597,5.011272,12.415058,17.528132
Angola,2015,71.16416,240,23.6,13.2696,8.826,AFR,AGO,90496.420626179,28.127724,1.117282,5.158468,12.871117,18.146508
Antigua and Barbuda,2001,98.95,154,13.0,1.88,6.305,AMR,ATG,800.481481481481,0.076227,0.001418,0.007027,0.021022,0.033606
Antigua and Barbuda,2014,98.95,127,0.6,0.438,5.544,AMR,ATG,1378.82962962963,0.089252,0.001097,0.006014,0.019326,0.03386
Argentina,2001,97.19331,181,11.6,10.3074,7.549,AMR,ARG,268696.75,37.480492,0.70347,3.514878,10.480856,16.990728
Argentina,2014,98.03402,145,13.4,9.16,7.447,AMR,ARG,526319.673731638,42.824064,0.740933,3.654962,10.659314,17.667904
Argentina,2015,98.08997,145,13.9,8.1,7.543,AMR,ARG,594749.285413212,43.257064,0.742635,3.676189,10.697132,17.72372
Australia,2003,99.0,69,8.5,9.61,6.6,WPR,AUS,467739.07979033195,19.699004,0.249525,1.268807,3.968854,6.678111
Austria,2011,98.0,72,6.4,12.2841,9.1,EUR,AUT,431685.217367511,8.391201,0.077886,0.393455,1.229284,2.247355
Bangladesh,2001,47.4855,168,12.0,6.45,6.75,SEAR,BGD,53991.289844329105,131.67049,3.576976,17.11206,48.483068,76.20219
Bangladesh,2007,46.6636,150,16.9,5.48,6.793,SEAR,BGD,79611.88821314799,144.13594,3.357599,17.05334,49.79276,79.116456
Bangladesh,2011,58.76918,141,16.8,4.34,6.112,SEAR,BGD,128637.983882833,150.211,3.031713,15.746514,49.300536,79.10817
Bangladesh,2012,57.86075,140,15.9,4.0,5.868,SEAR,BGD,133355.820262925,152.09066,2.981026,15.405788,48.966076,79.098856
Bangladesh,2013,61.01554,138,15.9,3.8,5.975,SEAR,BGD,149990.52983678,154.03014,2.973001,15.119184,48.56887,79.07874
Bangladesh,2014,61.0933,136,15.9,3.73,5.891,SEAR,BGD,172885.43268694502,155.96131,2.970305,14.908091,48.14348,79.01216
Bangladesh,2015,65.13733,133,15.8,3.64,5.776,SEAR,BGD,195078.57325220198,157.83,2.953299,14.761756,47.66662,78.86234
Bangladesh,2016,72.75872,130,15.8,3.6,5.632,SEAR,BGD,265236.390328627,159.78458,2.951693,14.694691,47.168636,78.73697
Barbados,2002,99.7,157,11.3,0.291,9.296,AMR,BRB,3106.5,0.266467,0.00367,0.018621,0.057178,0.095815
Belgium,2003,99.0,65,12.0,17.8873,10.3,EUR,BEL,318082.528506588,10.40255,0.113561,0.577585,1.807364,3.066651
Belize,2001,80.9,203,37.5,8.19,5.936,AMR,BLZ,1168.1279739434901,0.248109,0.007231,0.034997,0.097968,0.148452
Belize,2015,82.77682,182,25.5,6.87,4.7,AMR,BLZ,2194.70930924204,0.359884,0.007708,0.037541,0.114345,0.188185
Benin,2002,34.65785,284,28.7,14.8633,11.77,AFR,BEN,4194.3426862178,7.431787,0.284798,1.297654,3.334339,4.780549
Benin,2006,28.70211,282,28.1,14.5722,11.128,AFR,BEN,7034.1113148881195,8.402635,0.319899,1.453731,3.721627,5.377203
Benin,2012,32.94882,252,27.4,13.9407,10.224,AFR,BEN,11141.3581158991,10.014087,0.366901,1.68933,4.347083,6.328043
Benin,2015,38.44714,246,27.3,13.3759,9.857,AFR,BEN,11388.1609971089,10.932791,0.400836,1.836009,4.718567,6.866494
Bhutan,2005,52.81469,254,13.4,5.99,7.473,SEAR,BTN,796.938571960642,0.663332,0.013942,0.067946,0.220608,0.37201
Bhutan,2012,55.31756,222,15.3,5.22,6.689,SEAR,BTN,1781.28018155431,0.721154,0.012975,0.064905,0.205525,0.365677
Bhutan,2015,63.90682,211,15.1,5.16,6.759,SEAR,BTN,2003.59683878013,0.743284,0.011851,0.062806,0.200882,0.356359
Bosnia and Herzegovina,2000,96.6631,170,19.0,8.13,8.358,EUR,BIH,5567.77276881188,4.179355,0.042791,0.233147,0.820171,1.548063
Bosnia and Herzegovina,2011,98.14204,133,14.9,8.35,9.851,EUR,BIH,18644.2335371093,3.743143,0.035474,0.182421,0.592031,1.097149
Bosnia and Herzegovina,2013,96.99177,65,15.4,8.23,11.055,EUR,BIH,18179.1085305261,3.617564,0.033659,0.177594,0.557359,1.038171
Bosnia and Herzegovina,2014,98.37765,65,15.5,8.2,12.276,EUR,BIH,18558.7335644692,3.57107,0.032405998,0.173956,0.54316,1.008051
Bosnia and Herzegovina,2015,98.48576,64,15.8,8.33,12.011,EUR,BIH,16404.3488714437,3.524328,0.031761,0.170036,0.531981,0.979467
Botswana,2003,81.18871,641,31.7,40.3419,13.409,AFR,BWA,7511.58217337724,1.826866,0.049101,0.234396,0.682041,1.105489
Botswana,2013,86.82318,291,20.9,27.7511,8.157,AFR,BWA,14271.7389332042,2.217285,0.057983,0.280084,0.764735,1.208823
Botswana,2014,87.70751,277,24.2,25.3485,7.927,AFR,BWA,15470.0885007414,2.260383,0.058419,0.283132,0.777174,1.220505
Botswana,2015,88.22441,263,24.8,24.5486,7.435,AFR,BWA,13530.748844504998,2.305177,0.058798,0.285833,0.789205,1.233157
Brazil,2000,86.36788,184,19.7,4.47,6.399,AMR,BRA,655448.231983527,175.87371,3.425032,17.313344,52.47019,86.90776
Brazil,2004,88.61624,169,22.2,4.73,6.258,AMR,BRA,669289.424806307,184.72205,3.189617,16.457217,51.052132,86.60955
Brazil,2006,89.61523,160,21.8,4.9,6.123,AMR,BRA,1107626.54171074,188.82069,3.149597,16.003825,50.322184,85.83167
Brazil,2007,90.00937,158,22.5,5.05,6.119,AMR,BRA,1397114.4864713799,190.77946,3.096576,15.79342,49.942932,85.300136
Brazil,2008,90.03662,157,22.6,5.22,6.106,AMR,BRA,1695855.08355205,192.67232,3.045555,15.611818,49.52844,84.690184
Brazil,2009,90.29821,156,22.2,5.19,6.155,AMR,BRA,1666996.43868146,194.51755,3.015724,15.441728,49.077876,84.041736
Brazil,2010,90.37918,154,24.3,5.0,6.199,AMR,BRA,2208837.74521423,196.3535,3.003747,15.266771,48.60684,83.39843
Brazil,2011,91.41124,153,24.5,5.19,6.283,AMR,BRA,2616156.2239774703,198.1853,2.994666,15.116511,48.12383,82.77779
Brazil,2012,91.33785,203,24.8,5.29,6.34,AMR,BRA,2465227.8030115697,199.97771,2.96948,14.993664,47.62125,82.15718
Brazil,2013,91.48424,200,23.1,5.41,6.31,AMR,BRA,2472819.53574273,201.72178,2.936032,14.887399,47.08803,81.529976
Brazil,2014,91.72943,196,23.6,5.4,6.272,AMR,BRA,2456043.72719885,203.45965,2.944284,14.817687,46.588376,80.93904
Brazil,2015,92.0479,196,20.8,5.6,6.433,AMR,BRA,1802212.20690468,205.18821,2.974118,14.788353,46.162724,80.401576
Brazil,2016,92.80844,194,19.9,5.67,6.538,AMR,BRA,1795693.48265252,206.85958,2.927802,14.722813,45.73996,79.86041
Bulgaria,2001,98.20356,223,13.2,13.158,14.0,EUR,BGR,14183.4460257389,8.034863,0.068958,0.337033,1.222013,2.357263
Bulgaria,2011,98.35245,194,9.2,7.9,14.7,EUR,BGR,57737.040780015705,7.543128,0.074635,0.39282,1.046043,1.915982
Bulgaria,2015,98.38858,185,10.1,6.77,15.3,EUR,BGR,50811.9956886771,7.309255,0.067113,0.349979,1.031391,1.735633
Burkina Faso,2003,21.82292,330,28.4,15.7815,14.435,AFR,BFA,4740.7681426749405,13.0306,0.535605,2.372392,5.97028,8.665393
Burkina Faso,2005,23.5222,314,29.2,15.8658,13.499,AFR,BFA,6146.35317334929,13.876134,0.568646,2.518882,6.310707,9.174539
Burkina Faso,2006,22.47258,303,29.4,15.9392,13.065,AFR,BFA,6547.41982038113,14.316247,0.588653,2.602489,6.499771,9.441029
Burkina Faso,2007,28.29366,294,29.6,15.8893,12.633,AFR,BFA,7625.72283676847,14.757072,0.607602,2.692815,6.700249,9.712477
Burkina Faso,2014,34.5994,264,30.2,15.6562,9.96,AFR,BFA,13943.016076743601,18.169844,0.705383,3.277683,8.293005,11.832264
Burkina Faso,2015,37.7467,260,30.4,15.4435,9.634,AFR,BFA,11832.1593156298,18.718022,0.713102,3.341603,8.526725,12.167786
Burundi,2000,59.30362,370,30.3,23.428,15.907,AFR,BDI,870.486065883137,6.307665,0.246781,1.125067,3.040201,4.419916
Burundi,2008,48.08406,340,33.0,15.6584,11.316,AFR,BDI,1611.8358570458802,8.278112,0.357958,1.58442,3.729242,5.564538
Burundi,2014,61.51349,300,33.6,13.139,8.798,AFR,BDI,2705.78332980483,10.49492,0.424933,2.02353,4.845018,6.80445
Burundi,2015,85.49609,296,34.4,12.7543,8.553,AFR,BDI,3104.00354626497,10.727153,0.42732,2.051917,5.020548,6.960423
Cambodia,2004,73.60995,262,17.6,6.6,7.273,WPR,KHM,5337.833248014341,13.016377,0.31639,1.542412,4.741686,7.631375
Cambodia,2008,76.87129,211,17.7,6.65,6.418,WPR,KHM,10351.9141774839,13.943897,0.329293,1.588346,4.635173,7.801073
Cambodia,2009,76.13796,203,17.9,6.39,6.127,WPR,KHM,10401.8517677083,14.155742,0.329863,1.60253,4.615105,7.787602
Cambodia,2014,78.05509,178,17.3,5.8,5.756,WPR,KHM,16702.6108423529,15.210817,0.337637,1.652055,4.732419,7.680385
Cambodia,2015,80.52649,174,17.4,5.75,5.81,WPR,KHM,18049.954289472098,15.417527,0.337529,1.660203,4.762926,7.662736
Cameroon,2000,68.40916,412,27.4,19.124,13.426,AFR,CMR,10566.579294983101,15.091598,0.574821,2.587831,6.827762,9.884192
Cameroon,2007,70.67994,376,28.1,20.3976,11.886,AFR,CMR,23928.2504330378,18.251868,0.695963,3.155265,8.04575,11.839603
Cameroon,2010,71.29051,355,28.9,19.5067,10.992,AFR,CMR,27507.501821029597,19.878044,0.74701,3.419481,8.707734,12.799863
Cameroon,2015,74.98558,355,29.0,17.0898,9.179,AFR,CMR,32210.2330204569,23.01265,0.818456,3.81187,9.954414,14.541412
Canada,2003,99.0,77,9.1,10.8902,7.1,AMR,CAN,895540.646634787,31.619456,0.331619,1.709738,5.790583,10.101171
Chad,2000,25.65421,413,27.0,15.7134,18.088,AFR,TCD,1388.50677158756,8.259144,0.387534,1.701333,4.028499,5.553347
Chad,2004,28.38143,413,25.1,15.6533,16.982,AFR,TCD,4422.8556608259205,9.613509,0.43801,1.929986,4.672381,6.44504
Chad,2014,39.04967,374,24.6,14.5973,14.022,AFR,TCD,13940.7672185849,13.697128,0.597801,2.709609,6.619789,9.255713
Chad,2015,26.00299,367,25.7,13.9687,13.693,AFR,TCD,10950.3922569543,14.140277,0.612053,2.786446,6.837256,9.559299
Chad,2016,22.31155,360,27.4,13.6841,13.291,AFR,TCD,10097.7780981707,14.592587,0.621881,2.857482,7.054294,9.867538
Chile,2002,95.71662,133,16.0,9.68,5.035,AMR,CHL,70264.04595960249,15.693798,0.240355,1.237382,4.048102,6.668194
Chile,2008,98.64901,61,14.3,11.759,5.557,AMR,CHL,179894.59447598,16.661463,0.236982,1.157328,3.724223,6.537622
Chile,2009,98.55368,63,12.4,12.117,5.612,AMR,CHL,171777.900623177,16.83345,0.240778,1.167513,3.685087,6.518396
Chile,2011,96.70301,62,12.2,11.0036,5.805,AMR,CHL,251382.574083741,17.173568,0.241655,1.194928,3.625197,6.470806
Chile,2013,96.26706,62,12.4,9.15,6.037,AMR,CHL,277395.018674682,17.509926,0.238945,1.205527,3.584712,6.403022
Chile,2015,96.87413,60,12.3,9.17,6.121,AMR,CHL,242450.355827827,17.870122,0.236883,1.199831,3.569434,6.326647
Colombia,2004,92.80378,206,17.5,4.7,5.134,AMR,COL,117092.416666245,41.64827,0.818869,4.170274,12.786194,20.68772
Colombia,2005,92.84866,194,16.9,4.33,5.072,AMR,COL,145600.52962671,42.220944,0.806447,4.123338,12.73095,20.724726
Colombia,2006,92.29968,196,17.4,4.3,5.016,AMR,COL,161792.95888681,42.77291,0.792296,4.067769,12.649819,20.732316
Colombia,2007,92.65179,189,17.9,4.25,4.993,AMR,COL,206229.540893231,43.30659,0.778465,4.005364,12.545248,20.711454
Colombia,2008,93.37818,191,18.0,4.27,4.947,AMR,COL,242504.150472931,43.815316,0.76649,3.940127,12.423132,20.66454
Colombia,2009,93.24469,198,17.7,4.15,4.912,AMR,COL,232468.663073684,44.313916,0.75637,3.876934,12.291659,20.601236
Colombia,2010,93.37233,195,16.2,3.85,4.924,AMR,COL,286498.534094963,44.816104,0.748718,3.820304,12.159453,20.52897
Colombia,2011,93.58053,187,15.8,3.67,4.945,AMR,COL,334966.1348653,45.308896,0.742583,3.771726,12.025308,20.441608
Colombia,2014,94.18625,185,16.9,3.69,5.106,AMR,COL,381240.864422407,46.677944,0.728635,3.668317,11.615886,20.071252
Colombia,2015,94.24505,183,18.0,4.04,5.168,AMR,COL,293492.370228844,47.11973,0.724921,3.645046,11.484896,19.925412
Colombia,2016,94.65385,182,18.6,4.11,5.213,AMR,COL,282720.100286228,47.62596,0.723596,3.631357,11.372904,19.803668
Costa Rica,2000,94.86819,129,17.8,6.85,3.995,AMR,CRI,15013.6296586521,3.979189,0.078269,0.39669,1.228502,1.959941
Costa Rica,2011,97.40658,129,13.3,6.7,4.379,AMR,CRI,42762.6136999524,4.679927,0.073433,0.371155,1.134493,1.971805
Costa Rica,2015,97.64725,67,16.5,6.41,5.034,AMR,CRI,56441.920821080595,4.895241,0.071058,0.361427,1.105736,1.922674
Cuba,2002,99.79907,133,13.3,12.9078,7.436,AMR,CUB,33590.5,11.170054,0.138671,0.715973,2.297459,3.780018
Cuba,2012,99.67311,73,8.3,10.7399,8.571,AMR,CUB,73141.0,11.309292,0.12863499,0.627434,1.962168,3.528659
Cuba,2015,99.71072,70,9.0,10.3608,9.063,AMR,CUB,87132.8,11.339888,0.123097,0.628791,1.892921,3.367342
Cyprus,2001,96.80363,70,11.8,1.98,7.316,EUR,CYP,10397.8970856102,0.964838,0.012248,0.065096,0.209423,0.377219
Cyprus,2011,98.67843,58,7.8,3.7,6.354,EUR,CYP,27564.9319194782,1.14509,0.013036,0.063081,0.190298,0.380518
Cyprus,2015,99.05978,57,6.7,4.17,6.358,EUR,CYP,19842.4923665477,1.187286,0.013242,0.066548,0.19135,0.352229
Denmark,2003,99.0,74,8.3,10.3062,10.7,EUR,DNK,218096.033517009,5.396355,0.064541,0.330442,1.011398,1.60944
Djibouti,2003,67.9,325,27.8,12.0609,10.328,EMR,DJI,622.044665515049,0.806412,0.024669,0.115595,0.309282,0.471154
Ecuador,2001,90.98403,154,14.8,7.3,4.935,AMR,ECU,24468.324,12.845523,0.313552,1.554797,4.503301,7.029505
Ecuador,2007,92.09679,141,19.1,10.5366,4.817,AMR,ECU,51007.777,14.251838,0.316375,1.563889,4.62017,7.397933
Ecuador,2008,92.39005,181,19.9,10.8276,4.847,AMR,ECU,61762.635,14.4968,0.318389,1.569502,4.637245,7.450272
Ecuador,2009,92.24976,176,23.0,10.7553,4.856,AMR,ECU,62519.686,14.742768,0.320488,1.576991,4.654146,7.499709
Ecuador,2010,91.85404,173,24.5,10.1807,4.852,AMR,ECU,69555.367,14.989581,0.322539,1.586192,4.671029,7.546449
Ecuador,2011,91.5869,166,24.7,10.0113,4.826,AMR,ECU,79276.664,15.237734,0.324848,1.596701,4.688487,7.590998
Ecuador,2012,92.06473,158,22.3,10.2622,4.793,AMR,ECU,87924.544,15.483884,0.323575,1.604111,4.703195,7.630483
Ecuador,2013,93.29463,152,22.1,9.68,4.762,AMR,ECU,95129.659,15.722988,0.316487,1.60244,4.709401,7.660096
Ecuador,2014,94.22264,149,24.0,8.9,4.752,AMR,ECU,101726.331,15.957995,0.308471,1.59087,4.706915,7.680702
Ecuador,2015,94.45566,146,23.5,8.88,4.773,AMR,ECU,99290.381,16.195904,0.302512,1.5717,4.699314,7.696569
Ecuador,2016,94.35023,142,21.2,9.06,4.86,AMR,ECU,99937.696,16.439588,0.298271,1.546358,4.688584,7.709708
El Salvador,2004,80.77836,209,35.6,7.34,6.408,AMR,SLV,13724.8109,6.035653,0.125636,0.671999,2.137923,3.295342
El Salvador,2006,83.55946,203,32.9,6.99,6.705,AMR,SLV,15999.89,6.034439,0.11841,0.620968,2.078375,3.2295
El Salvador,2007,82.02863,200,30.9,8.48,6.814,AMR,SLV,17011.75,6.04413,0.118486,0.602709,2.048478,3.210513
El Salvador,2008,83.9513,198,28.4,7.28,6.74,AMR,SLV,17986.89,6.068108,0.118776,0.591757,2.018227,3.203561
El Salvador,2009,84.10289,197,24.6,8.95,6.75,AMR,SLV,17601.62,6.091181,0.117526,0.584731,1.983754,3.196695
El Salvador,2010,84.49272,192,22.3,6.4,6.758,AMR,SLV,18447.92,6.114039,0.116918,0.581147,1.947132,3.189659
El Salvador,2011,85.49399,189,21.1,8.02,6.892,AMR,SLV,20283.78,6.137354,0.116822,0.580139,1.910139,3.18193
El Salvador,2013,86.76758,184,19.0,6.72,7.149,AMR,SLV,21990.96,6.185641,0.115837,0.575818,1.836501,3.159222
El Salvador,2015,87.96985,180,20.8,6.78,7.07,AMR,SLV,23438.24,6.231072,0.114042,0.571125,1.767578,3.11975
El Salvador,2016,88.14177,177,22.2,5.77,6.925,AMR,SLV,24191.43,6.250513,0.11061,0.565027,1.736065,3.09023
Finland,2000,100.0,143,8.1,21.7401,9.5,EUR,FIN,126019.543413334,5.176208,0.056971,0.29439,0.939627,1.599291
France,2003,99.0,60,10.1,15.7493,9.1,EUR,FRA,1844544.79203686,59.72826,0.734821,3.707059,11.052174,18.79984
Gabon,2004,81.84552,338,25.1,15.2137,9.405,AFR,GAB,7770.21900821293,1.417115,0.044042,0.206236,0.559254,0.848322
Gabon,2012,82.2838,269,24.1,13.9719,7.914,AFR,GAB,17170.4640160593,1.836711,0.057447,0.265056,0.680169,1.040471
Gabon,2015,83.23788,228,22.9,15.1732,7.418,AFR,GAB,14383.1077626952,2.028524,0.060635,0.289776,0.743648,1.123413
Georgia,2002,99.65235,215,12.5,7.34,11.409,EUR,GEO,3395.76667767315,4.061127,0.047575,0.246762,0.900114,1.538912
Georgia,2014,99.58619,231,14.5,8.58,12.576,EUR,GEO,17627.332900258098,3.774232,0.056692,0.273382,0.717252,1.230753
Georgia,2015,99.75962,232,15.8,8.79,12.531,EUR,GEO,14953.6737961929,3.771135,0.058308,0.276653,0.730885,1.222863
Germany,2003,99.0,60,8.4,10.7872,10.3,EUR,DEU,2501640.38848235,81.34681,0.705865,3.747469,12.1597,21.477192
Ghana,2000,57.89747,310,25.8,9.75,9.922,AFR,GHA,4982.850662208511,19.665506,0.658024,3.015549,8.314468,12.597228
Ghana,2010,71.49707,269,23.7,13.2592,8.626,AFR,GHA,32197.655566534697,25.574722,0.801228,3.795746,10.018555,15.195525
Ghana,2015,76.5759,245,24.4,12.0199,7.773,AFR,GHA,49406.0098119819,28.870946,0.876723,4.2086,11.218818,16.669275
Greece,2001,95.99436,47,18.2,2.52,9.4,EUR,GRC,136309.29522534,11.072182,0.107379,0.533255,1.617539,3.167244
Greece,2009,93.90511,44,14.9,2.87,9.8,EUR,GRC,331308.500253274,11.055503,0.111981,0.544798,1.60245,2.832646
Greece,2014,97.53238,67,9.3,4.04,10.4,EUR,GRC,235458.133124608,10.862972,0.091308,0.510221,1.587613,2.711621
Greece,2015,95.29287,68,9.3,3.78,11.2,EUR,GRC,195683.527003375,10.806644,0.089759,0.49153,1.572421,2.691318
Grenada,2003,96.0,175,1.9,2.57,7.272,AMR,GRD,591.018407407407,0.10875,0.001855,0.009715,0.032676,0.054322
Guatemala,2002,69.10173,206,4.8,13.6718,5.859,AMR,GTM,20444.205991025003,12.289867,0.396163,1.918309,5.295734,7.844839
Guatemala,2012,78.26486,173,11.5,7.01,5.171,AMR,GTM,49593.9294871263,15.128307,0.395837,1.935543,5.72914,9.003607
Guatemala,2013,77.03867,172,13.1,6.67,5.112,AMR,GTM,52996.446269442,15.422663,0.397462,1.945907,5.749395,9.090669
Guatemala,2014,81.2859,169,12.8,6.41,5.071,AMR,GTM,57852.153058502,15.713744,0.399053,1.95795,5.767753,9.167977
Guatemala,2015,79.07421,165,14.0,6.4,5.071,AMR,GTM,62186.064718742404,16.001105,0.40286,1.971661,5.786145,9.239511
Guinea,2003,29.70402,345,30.3,10.2338,13.733,AFR,GIN,3446.44178482252,8.772259,0.327627,1.520912,3.998472,5.660589
Guinea,2010,25.30774,286,31.0,12.4656,11.669,AFR,GIN,6853.46783249407,10.270728,0.378553,1.738433,4.572927,6.702711
Guinea,2014,32.00384,290,29.8,12.9658,10.856,AFR,GIN,8778.473643318519,11.333362,0.402481,1.880752,4.93737,7.335595
Guinea,2015,30.47279,277,29.9,12.9852,10.702,AFR,GIN,8794.20239429076,11.626003,0.411631,1.914776,5.037243,7.497173
Guinea-Bissau,2000,41.35777,291,30.7,17.5428,15.956,AFR,GNB,371.095522049969,1.230855,0.047968,0.214084,0.54927,0.810406
Guinea-Bissau,2014,45.58116,282,32.2,14.1289,9.549,AFR,GNB,1054.91558135773,1.743318,0.060601,0.283716,0.74916,1.0913
Guinea-Bissau,2015,59.77285,278,32.1,13.0794,9.223,AFR,GNB,1048.2296330018899,1.788931,0.060636,0.288049,0.764934,1.116208
Guyana,2009,84.99401,252,15.6,36.3115,7.321,AMR,GUY,3165.66315273351,0.751265,0.01617,0.079994,0.247823,0.389628
Guyana,2014,85.63973,264,28.4,39.5172,7.459,AMR,GUY,4127.6601584725695,0.751126,0.015692,0.077237,0.227782,0.378394
Guyana,2015,87.53532,264,24.4,39.2983,7.431,AMR,GUY,4279.8401937046,0.755043,0.01571,0.077389,0.227148,0.378461
Haiti,2003,58.7439,297,19.3,12.0086,9.689,AMR,HTI,5071.9477980254405,8.812248,0.249395,1.206905,3.446339,5.285546
Haiti,2006,48.68502,282,18.6,12.1182,9.084,AMR,HTI,7638.739123637471,9.266293,0.251669,1.213832,3.490299,5.46163
Haiti,2015,60.68935,245,18.0,11.9741,8.181,AMR,HTI,14849.6294078872,10.563762,0.25735998,1.256625,3.611683,5.770899
Haiti,2016,61.69135,243,18.3,11.6425,8.161,AMR,HTI,14069.2775325199,10.713845,0.25860501999999996,1.259016,3.625852,5.79658
Honduras,2001,80.01103,174,15.5,2.99,4.992,AMR,HND,7651.1623023456,6.837861,0.219744,1.06452,2.900508,4.365794
Honduras,2007,83.58899,160,15.7,2.92,4.5,AMR,HND,12361.2576805627,7.924462,0.215394,1.081092,3.135056,4.80124
Honduras,2010,84.75536,156,16.4,2.66,4.348,AMR,HND,15839.3445919842,8.450936,0.211494,1.065535,3.184827,4.95944
Honduras,2011,85.1233,153,16.3,2.59,4.271,AMR,HND,17710.2756854074,8.62251,0.210159,1.059363,3.192175,5.003798
Honduras,2012,85.35555,151,16.3,3.95,4.221,AMR,HND,18528.5543975695,8.79237,0.209042,1.053214,3.19529,5.044139
Honduras,2013,85.46442,149,16.4,3.9,4.198,AMR,HND,18499.729214904,8.960654,0.208227,1.047468,3.19384,5.080636
Honduras,2014,87.19753,148,16.1,4.07,4.16,AMR,HND,19756.5339718698,9.127851,0.207899,1.042643,3.187671,5.11338
Honduras,2015,87.90683,147,16.0,4.57,4.147,AMR,HND,20979.791685416,9.29451,0.208155,1.039443,3.178687,5.142549
Honduras,2016,88.98748,145,16.4,2.66,4.183,AMR,HND,21717.604952183498,9.460798,0.208876,1.038273,3.169247,5.168388
Hungary,2004,99.02922,180,15.2,21.5952,13.1,EUR,HUN,104120.820258669,10.094499,0.093334,0.4771,1.592929,2.931491
Hungary,2014,99.05012,183,8.0,14.9597,12.8,EUR,HUN,141033.843265669,9.867906,0.0911,0.4537,1.426539,2.586489
Hungary,2015,99.38088,179,7.8,14.6034,13.4,EUR,HUN,125174.166987372,9.84425,0.0923,0.453527,1.425855,2.559488
Iceland,2003,99.0,63,8.4,12.0091,6.3,EUR,ISL,11429.333037844299,0.289806,0.004135,0.020997,0.066006,0.108922
India,2001,61.01456,222,16.6,18.6797,8.558,SEAR,IND,485441.014538638,1078.9709,27.347082,130.99544,374.16026,582.3717
India,2006,62.75447,208,16.3,17.1433,7.743,SEAR,IND,940259.8887943509,1172.3738,26.281328,131.42942,383.3766,610.169
India,2011,69.30256,191,17.4,15.5038,7.267,SEAR,IND,1823051.82990081,1257.6212,25.53345,126.92128,383.99987,623.1275
India,2015,72.2253,181,15.6,12.9173,6.67,SEAR,IND,2103588.3600663203,1322.8666,24.11994,123.07761,378.79318,625.57274
Indonesia,2004,90.38479,212,14.4,3.47,7.995,SEAR,IDN,256836.875295452,225.9386,4.524471,22.359428,66.025444,109.02429
Indonesia,2006,91.98227,190,14.2,3.22,7.323,SEAR,IDN,364570.515618357,231.79742,4.648239,22.556644,66.485456,109.29395
Indonesia,2008,92.1923,190,13.5,3.06,7.41,SEAR,IDN,510228.634990598,237.93654,4.795722,23.088384,67.26414,109.78831
Indonesia,2009,92.5817,189,13.9,2.98,7.386,SEAR,IDN,539580.085616492,240.9813,4.79503,23.370922,67.657016,110.06083
Indonesia,2011,92.81191,185,13.8,2.85,7.456,SEAR,IDN,892969.104563171,247.0997,4.856565,23.821878,68.38151,110.91278
Indonesia,2014,95.11622,180,12.7,2.62,7.43,SEAR,IDN,890814.755533537,256.22976,4.782831,24.080194,69.381944,112.50129
Indonesia,2015,95.21793,178,12.3,2.57,7.46,SEAR,IDN,860854.232686214,259.09197,4.718817,24.010696,69.63294,112.912536
Indonesia,2016,95.37697,176,12.1,2.58,7.529,SEAR,IDN,931877.364037698,261.85018,4.654031,23.815582,69.81315,113.24374
Iraq,2000,74.0522,148,20.7,5.25,6.172,EMR,IRQ,48364.2509439051,24.62886,0.858203,4.072589,10.697059,15.642603
Iraq,2012,77.2,145,18.8,5.58,5.505,EMR,IRQ,218002.481737691,33.864452,1.135676,5.225733,13.84233,20.63886
Iraq,2014,82.2,192,20.5,5.49,5.16,EMR,IRQ,228415.656174957,36.746484,1.184988,5.690892,14.883226,22.264256
Iraq,2015,79.72176,180,20.5,5.4,4.961,EMR,IRQ,166774.104959102,37.757812,1.17776,5.798061,15.199561,22.775764
Iraq,2016,83.3,174,20.4,5.33,5.13,EMR,IRQ,166602.488747885,38.69794,1.154075,5.823022,15.464037,23.210326
Ireland,2003,99.0,60,8.7,11.2587,7.3,EUR,IRL,164670.77125960198,3.958706,0.059581,0.283252,0.828163,1.460603
Israel,2004,97.1,73,7.7,6.12,5.6,EUR,ISR,139973.148371263,6.59599,0.135768,0.660427,1.824107,2.924948
Italy,2001,98.41662,73,13.9,5.37,9.6,EUR,ITA,1168023.42605638,56.99499,0.528294,2.620993,8.109439,14.560761
Italy,2011,98.84828,58,7.2,5.13,10.0,EUR,ITA,2294994.2965895,60.02595,0.545293,2.799318,8.437168,14.431369
Italy,2015,99.01579,55,5.9,4.83,10.7,EUR,ITA,1836637.71106055,60.232908,0.491469,2.601856,8.274227,14.165454
Jamaica,2014,88.13225,166,11.5,2.18,6.238,AMR,JAM,13899.2177216818,2.784542,0.03901,0.202188,0.662488,1.216203
Jamaica,2015,88.4999,167,13.3,2.17,6.653,AMR,JAM,14188.9369584343,2.794455,0.038605,0.198361,0.650356,1.196636
Japan,2002,99.0,68,11.3,17.8796,7.8,WPR,JPN,4182846.04587361,127.30174,1.152905,5.824209,17.877684,32.776456
Jordan,2003,89.89232,127,22.9,3.13,3.655,EMR,JOR,10195.627644569799,5.396122,0.152184,0.740653,2.126703,3.180807
Jordan,2005,91.13075,127,22.6,2.75,3.645,EMR,JOR,12588.9985895628,5.678541,0.158102,0.759729,2.19372,3.306791
Jordan,2007,92.19958,120,22.2,2.37,3.625,EMR,JOR,17110.437235543,6.47346,0.181732,0.860038,2.452466,3.727297
Jordan,2010,92.55104,133,22.4,2.02,3.604,EMR,JOR,27133.8042253521,6.931263,0.194227,0.925331,2.540132,3.921317
Jordan,2011,95.90445,132,25.3,1.98,3.597,EMR,JOR,29524.1491549296,7.10998,0.19519,0.946943,2.574538,3.996006
Jordan,2012,97.89032,131,23.7,1.96,3.596,EMR,JOR,31634.5616901408,7.211866,0.192512,0.951712,2.580637,4.024043
Jordan,2015,98.01435,129,24.0,1.85,3.169,EMR,JOR,38587.0178873239,9.49425,0.234536,1.179727,3.329805,5.225185
Kenya,2000,82.22908,458,26.4,15.8067,10.677,AFR,KEN,12705.3500978044,30.851604,1.15862,5.304517,14.145111,20.84232
Kenya,2007,72.15703,372,25.8,13.0081,8.457,AFR,KEN,31958.1951822406,38.036796,1.378108,6.41692,16.637521,24.84872
Kenya,2014,78.73304,239,26.6,11.0777,7.304,AFR,KEN,68285.7965142896,45.83186,1.374237,6.855339,19.249052,28.465838
Kenya,2015,78.0234,232,27.3,10.6368,7.361,AFR,KEN,70120.44689683591,46.851496,1.377745,6.812947,19.475584,28.865764
Kuwait,2005,93.27446,66,29.5,2.7,2.01,EMR,KWT,80798.63013698629,2.235409,0.042154,0.197842,0.556367,0.928528
Kuwait,2006,93.28212,65,29.0,2.72,2.036,EMR,KWT,101557.330723423,2.363417,0.048414,0.209587,0.577923,0.976263
Kuwait,2007,93.66419,86,29.5,2.59,2.014,EMR,KWT,114634.043361692,2.506774,0.051642,0.224583,0.603838,1.029093
Kuwait,2008,93.8983,85,28.5,2.92,1.997,EMR,KWT,147379.737229753,2.650941,0.053065,0.238703,0.629146,1.072248
Kuwait,2010,94.46901,84,20.1,2.43,1.834,EMR,KWT,115416.580893,2.943364,0.058431,0.26168,0.677696,1.127929
Kuwait,2012,95.51317,83,24.7,2.31,1.721,EMR,KWT,174047.996684957,3.394668,0.064957,0.297538,0.757986,1.190448
Kuwait,2013,95.58582,82,21.6,2.34,1.696,EMR,KWT,174167.89790859297,3.64652,0.066245,0.31267,0.800716,1.227307
Kuwait,2015,95.68545,80,18.8,2.4,1.761,EMR,KWT,114585.57696143,3.908745,0.061641,0.320914,0.848551,1.266697
Latvia,2000,99.74657,217,29.2,29.6331,13.6,EUR,LVA,7958.852838933951,2.392536,0.019087,0.100747,0.421697,0.763436
Latvia,2011,99.8959,243,9.0,18.1533,13.9,EUR,LVA,27474.380566265,2.076974,0.018596,0.10545,0.296289,0.563182
Latvia,2015,99.89269,227,11.2,17.1391,14.4,EUR,LVA,27263.0905470617,1.991951,0.021162,0.100223,0.298471,0.505315
Lebanon,2007,89.61244,87,14.9,2.99,4.093,EMR,LBN,24827.3550149254,4.809608,0.082858,0.421584,1.314215,2.247079
Lebanon,2009,91.18419,85,14.8,3.04,4.039,EMR,LBN,35399.5829286899,4.951138,0.083746,0.417062,1.297898,2.238395
Lebanon,2015,94.0511,85,16.2,2.87,4.235,EMR,LBN,49929.3378368159,6.398941,0.113966,0.556478,1.589868,2.674101
Liberia,2004,43.10837,306,37.3,8.48,12.134,AFR,LBR,897.0,3.122448,0.118802,0.537705,1.332232,1.937552
Liberia,2007,42.94108,286,33.6,8.73,10.765,AFR,LBR,1373.0,3.632748,0.138371,0.625511,1.568271,2.247227
Liberia,2015,47.60014,241,35.2,7.71,9.715,AFR,LBR,3227.0757,4.61233,0.150509,0.728365,1.966342,2.830381
Libya,2004,85.41682,141,21.2,4.67,4.549,EMR,LBY,33122.3076923077,5.687561,0.13100301,0.609312,1.795337,3.063874
Libya,2014,91.04144,175,23.6,6.06,5.43,EMR,LBY,57372.3525619874,6.097767,0.13094,0.670989,1.939179,2.961362
Libya,2015,91.38887,147,24.3,5.48,5.427,EMR,LBY,48717.5062734399,6.192241,0.131071,0.664684,1.953873,2.992982
Lithuania,2001,99.64575,214,22.0,42.0958,11.6,EUR,LTU,12237.3880017264,3.560145,0.032650002,0.180474,0.679735,1.192156
Lithuania,2011,99.8156,272,11.8,31.8499,13.6,EUR,LTU,43535.0514823869,3.0998,0.03137,0.153098,0.456823,0.89084
Lithuania,2015,99.82328,247,10.5,28.9273,14.4,EUR,LTU,41435.5333403883,2.963764,0.031309,0.154766,0.431207,0.796591
Luxembourg,2000,100.0,65,17.9,13.446,8.6,EUR,LUX,21230.1829893036,0.435634,0.00559,0.028441,0.082608,0.132322
Malawi,2010,61.30972,366,30.6,16.0307,11.412,AFR,MWI,10128.3230106049,14.718426,0.573282,2.721015,6.849579,9.738797
Malawi,2014,65.14537,279,32.1,12.7697,8.376,AFR,MWI,8801.32616914547,16.477972,0.585504,2.842452,7.621392,10.855317
Malawi,2015,62.14354,266,32.4,12.5862,8.005,AFR,MWI,9219.47437931534,16.938944,0.586369,2.862908,7.790838,11.135943
Malaysia,2000,88.68776,145,26.8,6.1,4.584,WPR,MYS,93789.7368421053,22.945152,0.530328,2.70518,7.693546,11.904225
Malaysia,2010,93.11789,170,25.1,5.3,5.009,WPR,MYS,255017.63845559,28.717728,0.485331,2.533746,7.990778,13.756874
Malaysia,2015,94.63699,160,22.8,5.22,5.096,WPR,MYS,301355.26696494705,31.068834,0.52813,2.570159,7.8221,13.567895
Maldives,2000,96.3265,142,1.8,5.3,4.458,SEAR,MDV,624.3371452846219,0.28252,0.005787,0.031816,0.113165,0.174615
Maldives,2006,98.3979,88,2.5,3.77,3.74,SEAR,MDV,1575.2003909349,0.314411,0.005867,0.027903,0.097706,0.178828
Maldives,2014,98.61012,57,2.5,2.88,2.718,SEAR,MDV,3697.3530365864804,0.416746,0.007424,0.037098,0.097446,0.183466
Maldives,2015,99.32102,54,2.6,2.95,2.718,SEAR,MDV,4129.50531981871,0.43559,0.007532,0.037666,0.099933,0.184351
Maldives,2016,97.73495,53,0.9,3.15,2.738,SEAR,MDV,4409.94262338674,0.454263,0.007593,0.038102,0.102618,0.185222
Mali,2003,24.0,316,24.5,8.55,14.435,AFR,MLI,4714.0719796883495,12.342167,0.54062,2.33772,5.720064,8.293336
Mali,2006,26.17655,298,23.9,8.65,13.233,AFR,MLI,6905.93421790901,13.623541,0.601845,2.635668,6.344461,9.118734
Mali,2010,31.09975,283,24.2,8.69,11.812,AFR,MLI,10689.1680162613,15.529183,0.673763,3.022098,7.327585,10.355223
Mali,2011,30.61867,281,24.0,8.68,11.498,AFR,MLI,12995.112690259599,16.039734,0.692489,3.116178,7.602453,10.692983
Mali,2015,33.06889,277,23.2,8.46,10.211,AFR,MLI,13104.764378326001,18.11291,0.754891,3.474879,8.715877,12.123765
Malta,2005,92.36309,63,4.2,4.37,7.8,EUR,MLT,6416.1842358384,0.410217,0.003879,0.019585,0.068966,0.127822
Malta,2011,93.30736,59,4.8,5.73,7.8,EUR,MLT,9638.728635014299,0.423577,0.004189,0.020187,0.06152,0.118304
Malta,2015,94.06661,55,2.8,6.55,7.7,EUR,MLT,11091.4836596156,0.456585,0.004497,0.021926,0.062377,0.119831
Mauritius,2000,84.30309,172,16.1,11.4715,6.7,AFR,MUS,4663.3210814445,1.21593,0.020399,0.100892,0.311442,0.53123
Mauritius,2011,89.24984,212,15.0,8.56,7.3,AFR,MUS,11518.4134299684,1.286239,0.015179,0.081121,0.275873,0.47903
Mauritius,2012,91.76601,152,14.0,9.23,7.4,AFR,MUS,11668.6963967887,1.288753,0.014999,0.078559,0.270458,0.473916
Mauritius,2013,91.49003,193,12.2,7.77,7.5,AFR,MUS,12292.9741414044,1.290698,0.014347,0.075971,0.26525,0.467979
Mauritius,2014,92.47476,194,13.1,9.85,7.7,AFR,MUS,13074.1299520532,1.292112,0.013748,0.073603,0.259261,0.461069
Mauritius,2015,92.7076,195,13.8,7.51,7.7,AFR,MUS,12007.291045648899,1.293159,0.013414,0.071538,0.252412,0.45316
Mauritius,2016,93.15784,194,13.7,7.58,8.1,AFR,MUS,12594.155464413601,1.293909,0.013206,0.06957,0.245738,0.444655
Mexico,2000,90.53562,138,14.2,3.86,4.997,AMR,MEX,742061.32964337,97.87345,2.29868,11.28359,33.510904,52.96137
Mexico,2002,90.27465,136,14.4,4.15,4.946,AMR,MEX,810666.116505478,100.91708,2.3083,11.37012,33.706904,53.386264
Mexico,2004,90.95374,166,15.0,4.26,5.001,AMR,MEX,819459.227375022,103.945816,2.289,11.442299,33.837504,53.78194
Mexico,2005,91.63027,168,15.6,4.35,5.078,AMR,MEX,917571.853345583,105.4424,2.277474,11.425257,33.846944,53.971532
Mexico,2006,91.73452,166,15.6,4.25,5.177,AMR,MEX,1020265.05769851,106.88679,2.264401,11.376988,33.819984,54.12195
Mexico,2007,92.79517,164,14.1,4.3,5.302,AMR,MEX,1102355.55478894,108.30298,2.252995,11.323923,33.776732,54.237384
Mexico,2008,92.9256,171,15.4,4.58,5.426,AMR,MEX,1161553.4598948,109.6845,2.245503,11.27204,33.72594,54.33108
Mexico,2009,93.44188,174,15.8,4.81,5.533,AMR,MEX,943437.415098633,111.04942,2.240166,11.22508,33.667836,54.41767
Mexico,2010,93.06894,178,14.5,4.66,5.594,AMR,MEX,1105424.23888937,112.5324,2.236667,11.188905,33.63105,54.5804
Mexico,2011,93.51998,175,14.4,5.36,5.597,AMR,MEX,1229013.70325577,114.15048,2.238594,11.168989,33.631652,54.78015
Mexico,2012,94.2284,171,14.6,4.95,5.642,AMR,MEX,1255110.42474185,115.75591,2.240979,11.15095,33.608196,54.877664
Mexico,2013,93.96285,165,13.3,5.28,5.696,AMR,MEX,1327436.29036097,117.29068,2.22416,11.111027,33.518592,54.87062
Mexico,2014,94.55588,167,13.3,5.72,5.805,AMR,MEX,1364507.7174636698,118.75589,2.190528,11.041693,33.372536,54.777656
Mexico,2015,94.47228,167,13.6,5.6,6.007,AMR,MEX,1213294.46752759,120.149896,2.15786,10.946844,33.173714,54.605016
Mexico,2016,94.85962,164,13.6,5.57,6.305,AMR,MEX,1112233.4973991201,121.519224,2.123414,10.833339,32.965536,54.43275
Mongolia,2000,97.76885,273,15.9,23.6307,7.359,WPR,MNG,1136.8961236129799,2.450988,0.050297,0.252868,0.862856,1.385844
Mongolia,2010,98.257,234,18.6,22.3994,6.729,WPR,MNG,7189.48199890094,2.702527,0.065878,0.289825,0.759144,1.328578
Mongolia,2015,98.36764,213,19.4,19.6771,6.158,WPR,MNG,11619.892590694099,2.964756,0.075278,0.35564,0.868274,1.37212
Montenegro,2003,97.77346,171,14.2,18.3353,9.3,EUR,MNE,1707.71005314938,0.632356,0.008559,0.042009,0.132761,0.234545
Montenegro,2011,98.44221,145,9.6,17.0195,9.4,EUR,MNE,4544.428421495129,0.631801,0.007821,0.039747,0.120665,0.209773
Montenegro,2015,98.71995,133,8.5,16.3497,10.2,EUR,MNE,4054.73007757718,0.633969,0.007739,0.038542,0.117439,0.203202
Morocco,2004,52.30626,129,23.8,10.214,6.259,EMR,MAR,66114.1454510067,30.033124,0.625367,3.096185,9.511467,15.761203
Morocco,2008,55.14792,81,23.7,9.76,6.018,EMR,MAR,101822.906949063,31.634996,0.651194,3.157346,9.361797,15.718693
Morocco,2009,56.08367,87,23.7,9.66,5.987,EMR,MAR,101154.952240881,32.04288,0.662649,3.196054,9.365368,15.704081
Morocco,2011,67.08416,78,20.9,9.49,5.91,EMR,MAR,110080.631332375,32.903708,0.685961,3.293181,9.441975,15.705711
Morocco,2012,69.42539,75,20.3,9.15,5.86,EMR,MAR,106937.39231112899,33.352166,0.69436,3.345222,9.501277,15.721839
Morocco,2014,75.5862,72,19.8,7.9,5.741,EMR,MAR,119130.841411664,34.24861,0.696978,3.429103,9.637703,15.775829
Morocco,2015,71.71055,70,19.7,7.63,5.705,EMR,MAR,110413.82384159199,34.680456,0.692534,3.447641,9.707059,15.791514
Myanmar,2000,89.94176,245,20.9,5.14,9.995,SEAR,MMR,8905.066163586429,45.53834,0.991506,4.855877,14.485251,23.688282
Myanmar,2014,92.92316,200,19.6,3.41,8.804,SEAR,MMR,65446.1969196813,51.072436,0.906532,4.498184,13.740911,22.90367
Myanmar,2015,93.09005,197,19.7,3.34,8.673,SEAR,MMR,59687.4117688224,51.483956,0.910627,4.486971,13.693292,22.843728
Myanmar,2016,75.5512,195,19.9,3.33,8.753,SEAR,MMR,63216.143490142305,51.89235,0.916933,4.489123,13.644887,22.783724
Namibia,2001,84.94426,454,22.8,26.7353,13.129,AFR,NAM,3557.34121515159,1.856406,0.054507,0.264721,0.770552,1.146239
Namibia,2007,76.48659,409,21.5,23.7422,12.046,AFR,NAM,8839.53647599963,2.011492,0.056342,0.263953,0.77207,1.211586
Namibia,2011,88.27463,310,23.9,16.1368,10.861,AFR,NAM,12523.3594405499,2.132343,0.062965,0.289428,0.785193,1.264675
Namibia,2015,90.8205,296,32.0,16.2875,9.077,AFR,NAM,11335.1610835061,2.282709,0.067269,0.318648,0.8294,1.3187
Nepal,2001,48.60897,234,15.3,10.3906,7.949,SEAR,NPL,6007.05504217687,24.95607,0.71129,3.529683,10.080349,14.958122
Nepal,2011,59.62725,173,16.1,10.7315,6.891,SEAR,NPL,21573.8722738375,27.266398,0.595088,3.012176,9.688353,15.351895
Nepal,2015,64.66364,166,16.3,9.83,7.376,SEAR,NPL,24360.8013376944,27.610328,0.595241,2.939094,9.216522,15.05593
New Zealand,2003,99.0,81,12.2,12.9546,6.95,WPR,NZL,88250.88555026261,4.019944,0.056164,0.2824,0.8892,1.460468
Nicaragua,2000,66.0,197,16.3,6.28,5.547,AMR,NIC,5107.3290070922,5.123223,0.138585,0.6971,2.072323,3.202979
Nicaragua,2001,76.67713,195,16.0,6.21,5.615,AMR,NIC,5323.1465657031495,5.192765,0.137444,0.690895,2.069431,3.209758
Nicaragua,2005,78.00298,179,16.1,6.07,5.614,AMR,NIC,6321.32427914826,5.45468,0.134657,0.672379,2.042687,3.222397
Nicaragua,2015,82.61455,148,16.1,4.47,4.635,AMR,NIC,12756.685522480699,6.29861,0.141287,0.695953,2.022493,3.336038
Niger,2001,14.37604,292,28.1,9.78,16.912,AFR,NER,2448.71470396617,12.031431,0.579933,2.447515,5.701759,7.978833
Niger,2005,28.67242,285,27.5,10.1206,13.922,AFR,NER,4383.31596458718,13.855225,0.651784,2.828661,6.68415,9.244512
Niger,2012,30.56039,264,26.2,10.5799,9.718,AFR,NER,9426.91264759111,17.95441,0.802485,3.624011,8.831884,12.12677
Niger,2015,19.1026,257,26.1,10.3889,8.799,AFR,NER,9683.86792644282,20.128132,0.883787,4.008391,9.891588,13.661369
Nigeria,2003,54.77318,415,28.6,9.16,16.541,AFR,NGA,104738.95426422599,133.11981,5.319786,23.530508,57.969016,84.15533
Nigeria,2006,70.19835,395,26.4,9.16,15.561,AFR,NGA,238454.99716148002,144.32976,5.728011,25.750564,63.315548,90.99685
Nigeria,2008,51.07766,385,25.1,9.14,15.161,AFR,NGA,339476.276257793,152.38251,6.020478,27.201376,67.198104,95.9934
Nigeria,2015,59.56808,355,21.4,7.31,13.803,AFR,NGA,493026.68280063,183.99578,6.806717,31.790446,81.535384,116.09534
Norway,2011,100.0,66,3.5,11.8475,8.4,EUR,NOR,501360.549669404,4.953565,0.061065,0.309831,0.922757,1.571901
Oman,2003,81.36331,148,25.0,6.43,2.959,EMR,OMN,21633.7081924577,2.431603,0.054273,0.276781,0.851774,1.390405
Oman,2008,86.62114,128,35.6,6.32,2.973,EMR,OMN,60905.4525357607,2.651032,0.059221,0.274339,0.779636,1.39461
Oman,2010,86.939,123,27.8,6.1,2.585,EMR,OMN,64993.498049414804,2.881915,0.063883,0.292768,0.775652,1.410578
Oman,2014,91.9812,113,20.9,4.68,2.243,EMR,OMN,92699.0897269181,4.009272,0.076909,0.366265,0.888078,1.525669
Oman,2015,93.03861,70,16.3,4.7,2.205,EMR,OMN,78710.7932379714,4.191784,0.079532,0.385124,0.933387,1.559118
Pakistan,2005,49.87364,200,14.4,10.9706,8.402,EMR,PAK,145208.562960767,174.3721,5.400739,25.848216,71.65812,107.28134
Pakistan,2006,54.15121,180,14.1,11.0039,7.831,EMR,PAK,161871.38550635998,178.06998,5.4284,26.044248,72.47264,109.19336
Pakistan,2007,52.13683,178,14.1,10.7349,7.798,EMR,PAK,184140.86999746,181.92453,5.527354,26.266476,73.32527,111.10922
Pakistan,2008,55.52637,177,14.2,10.5367,7.733,EMR,PAK,202203.748583854,185.93195,5.648359,26.571604,74.26071,113.04718
Pakistan,2009,54.89264,177,14.5,10.3004,7.703,EMR,PAK,187337.783856466,190.12323,5.743111,26.95774,75.25656,115.02429
Pakistan,2010,55.37519,175,14.7,10.1605,7.599,EMR,PAK,196709.621849586,194.4545,5.854949,27.433242,76.30674,117.041576
Pakistan,2011,54.73802,171,14.8,10.0153,7.524,EMR,PAK,230586.581059665,198.60274,5.95883,27.967126,77.37779,118.94296
Pakistan,2012,56.76434,170,13.8,9.97,7.479,EMR,PAK,250106.966104704,202.20586,6.033099,28.4523,78.41042,120.55928
Pakistan,2013,55.59499,168,13.7,9.98,7.333,EMR,PAK,258657.231672412,205.33755,6.072564,28.843156,79.38517,121.92562
Pakistan,2014,56.97715,167,13.5,9.96,7.274,EMR,PAK,271390.474857632,208.25163,6.055646,29.129564,80.2682,123.13657
Pakistan,2015,56.44031,166,13.5,9.96,7.097,EMR,PAK,299963.590534773,210.9693,6.001057,29.279792,81.06765,124.22386
Panama,2000,91.89962,152,15.4,5.9,4.768,AMR,PAN,12304.115,3.001738,0.069067,0.337598,0.970575,1.539188
Panama,2010,94.09412,153,13.2,4.33,4.755,AMR,PAN,29440.2876,3.623622,0.075308,0.369057,1.057788,1.692877
Panama,2015,95.03823,146,14.2,2.95,4.875,AMR,PAN,54091.8,3.957102,0.078552,0.388538,1.109787,1.771533
Papua New Guinea,2000,57.34326,276,17.4,2.83,7.471,WPR,PNG,3521.33969907407,5.5083,0.177649,0.830622,2.222298,3.329282
Papua New Guinea,2010,61.6,235,17.1,3.29,7.134,WPR,PNG,14250.7866747766,7.583269,0.22,1.053277,2.871903,4.409078
Papua New Guinea,2014,63.09609,228,14.3,3.62,6.734,WPR,PNG,23210.823987308,8.464159,0.233099,1.126173,3.11685,4.806358
Papua New Guinea,2015,63.43349,226,14.1,3.65,6.585,WPR,PNG,21723.4370100982,8.682172,0.235461,1.141545,3.172037,4.897472
Paraguay,2007,94.55822,159,17.2,4.16,5.545,AMR,PRY,17856.3932354338,5.590148,0.128838,0.63796,1.944146,3.112265
Paraguay,2008,93.29208,157,22.6,3.93,5.529,AMR,PRY,24615.2676635456,5.645155,0.128655,0.635168,1.92827,3.10845
Paraguay,2009,93.75424,154,23.6,4.74,5.525,AMR,PRY,22355.151161994,5.702579,0.128506,0.633637,1.913352,3.103809
Paraguay,2010,93.87092,152,24.9,3.82,5.517,AMR,PRY,27260.886405226298,5.768618,0.12824899,0.633328,1.901292,3.102224
Paraguay,2012,94.19747,149,22.9,4.7,5.464,AMR,PRY,33271.921136314995,5.923327,0.128315,0.63463,1.885564,3.10725
Paraguay,2013,95.05904,148,23.2,5.07,5.436,AMR,PRY,38501.1221414241,6.005656,0.12993601,0.636876,1.881463,3.110513
Paraguay,2014,95.03481,147,21.8,5.95,5.481,AMR,PRY,40377.9292956419,6.090727,0.132828,0.641731,1.881345,3.115116
Paraguay,2015,95.55484,146,22.0,5.85,5.446,AMR,PRY,36211.4478400971,6.177954,0.135324,0.64905,1.884941,3.120786
Paraguay,2016,94.65024,146,22.6,5.64,5.398,AMR,PRY,36089.7002229461,6.266623,0.136897,0.657943,1.891648,3.126616
Peru,2004,87.66985,145,15.4,3.06,5.838,AMR,PER,66768.7034975687,27.893914,0.60599,3.009501,9.020681,14.55236
Peru,2005,87.90867,143,15.9,2.96,5.98,AMR,PER,76060.6060606061,28.14726,0.61426,3.006769,8.964036,14.509175
Peru,2006,88.69934,141,16.6,2.89,6.177,AMR,PER,88643.193061748,28.38108,0.620279,3.01661,8.910365,14.459773
Peru,2007,89.59081,139,16.6,2.82,6.416,AMR,PER,102170.981144136,28.60038,0.621531,3.035207,8.860567,14.405569
Peru,2012,93.84173,129,14.6,3.32,6.791,AMR,PER,192650.021648583,29.749592,0.599408,3.029095,8.693861,14.003251
Peru,2014,93.70795,157,13.6,2.98,6.612,AMR,PER,200786.250582943,30.353956,0.581476,2.972408,8.703936,13.958528
Peru,2015,94.16234,155,13.9,2.77,6.438,AMR,PER,189802.976285619,30.711864,0.574451,2.93871,8.723759,13.984959
Peru,2016,94.17367,154,13.9,2.66,6.318,AMR,PER,191898.104390379,31.132776,0.570381,2.90602,8.763515,14.060754
Philippines,2000,92.60006,213,9.8,2.26,5.729,WPR,PHL,83669.7882547279,77.95822,2.174617,10.523102,29.385304,44.649416
Philippines,2003,92.59069,212,10.1,2.27,5.576,WPR,PHL,87039.0929742272,82.94284,2.236863,10.863565,30.723856,46.750788
Philippines,2008,95.4201,207,10.0,2.36,5.559,WPR,PHL,181624.62632736098,91.25233,2.3425,11.297685,32.272702,49.83451
Philippines,2013,96.398,199,10.6,2.88,5.756,WPR,PHL,283902.82858165004,99.70011,2.357745,11.599809,33.322082,52.483644
Philippines,2015,98.18255,195,12.5,2.71,5.736,WPR,PHL,306445.87124671804,103.03136,2.340903,11.591459,33.625496,53.372656
Portugal,2011,94.47705,49,10.8,7.94,9.7,EUR,PRT,245117.990242248,10.56482,0.098097,0.494746,1.58401,2.729301
Portugal,2015,95.42811,44,8.3,8.31,10.5,EUR,PRT,199394.06652544,10.365436,0.083897,0.443084,1.475522,2.581015
Qatar,2004,88.96239,69,29.5,6.63,2.077,EMR,QAT,31734.0659340659,0.777951,0.012757,0.061477,0.173704,0.282052
Qatar,2007,93.08255,66,23.8,7.15,1.673,EMR,QAT,79712.08791208791,1.231904,0.015367,0.071164,0.192329,0.410351
Qatar,2008,93.98973,65,22.8,6.78,1.517,EMR,QAT,115270.05494505499,1.444287,0.016579,0.078816,0.210279,0.469219
Qatar,2009,94.72429,65,18.1,6.73,1.38,EMR,QAT,97798.3516483516,1.610281,0.017684,0.08491,0.224329,0.499434
Qatar,2010,96.28374,65,15.9,6.39,1.263,EMR,QAT,125122.306346154,1.713512,0.019067,0.090847,0.236757,0.506068
Qatar,2011,96.40687,65,13.3,6.24,1.188,EMR,QAT,167775.268626374,1.804175,0.02087,0.098926,0.255484,0.531947
Qatar,2012,96.67859,65,12.7,5.83,1.156,EMR,QAT,186833.502362637,1.90567,0.022213,0.107155,0.276626,0.567035
Qatar,2013,97.47785,65,14.2,5.3,1.136,EMR,QAT,198727.642967033,2.035509,0.023104,0.113771,0.298867,0.604894
Qatar,2014,97.74669,64,13.4,5.02,1.102,EMR,QAT,206224.598571429,2.214471,0.023782,0.120336,0.318813,0.647116
Qatar,2015,97.75709,63,11.1,4.85,1.032,EMR,QAT,161739.955576923,2.41458,0.024634,0.128079,0.335584,0.682848
Romania,2002,97.29759,178,11.6,12.3193,12.4,EUR,ROU,46065.5027025817,21.65353,0.21377,1.107144,3.779259,7.170271
Romania,2011,98.60429,199,10.4,9.86,12.5,EUR,ROU,192613.579705885,20.220286,0.205737,1.063008,3.20586,5.743955
Romania,2015,98.75703,191,10.0,9.06,13.2,EUR,ROU,177883.883008747,19.906078,0.20443,1.009332,3.129109,5.330112
Rwanda,2000,64.8886,451,38.0,25.5557,15.774,AFR,RWA,2068.95525283541,8.109994,0.306508,1.342824,3.737606,5.573494
Rwanda,2010,65.85227,239,34.0,11.5024,8.068,AFR,RWA,6125.21648226839,10.309032,0.341101,1.648806,4.347825,6.513996
Rwanda,2012,68.33103,219,34.2,10.5559,7.604,AFR,RWA,7655.46558974669,10.840331,0.342064,1.662339,4.524767,6.737393
Rwanda,2014,70.80413,207,29.9,10.0719,6.953,AFR,RWA,8239.7663200954,11.36845,0.35125,1.691056,4.707397,6.978484
Rwanda,2015,71.2435,203,30.2,9.89,6.724,AFR,RWA,8544.62175679813,11.642963,0.356885,1.712611,4.793717,7.106318
Samoa,2004,98.54048,161,15.1,15.1386,5.088,WPR,WSM,407.747565096959,0.188083,0.005489,0.027004,0.076832,0.109829
Samoa,2011,98.97326,158,12.8,14.7903,5.308,WPR,WSM,744.0970501691149,0.196364,0.005875,0.027875,0.076268,0.112924
Samoa,2015,99.01501,140,11.4,14.9413,5.281,WPR,WSM,824.1504986535359,0.203586,0.005942,0.029445,0.078129,0.116406
Saudi Arabia,2000,79.35094,126,17.1,3.84,3.482,EMR,SAU,189514.91022266698,21.547398,0.578295,2.852517,7.736252,12.151657
Saudi Arabia,2004,82.85774,115,23.0,3.91,2.966,EMR,SAU,258742.263029008,23.661804,0.558643,2.838403,8.194822,12.297637
Saudi Arabia,2013,94.42634,81,26.3,6.31,2.443,EMR,SAU,753864.543430248,31.482502,0.648103,3.177823,8.886589,14.08851
Saudi Arabia,2015,94.84237,90,26.2,5.95,2.542,EMR,SAU,669484.381328891,32.749838,0.638402,3.213937,9.011699,14.113256
Senegal,2002,39.27525,251,24.7,13.7296,10.423,AFR,SEN,7006.40231975856,10.180944,0.371214,1.698166,4.452204,6.608684
Senegal,2006,41.89115,240,25.3,13.0258,8.577,AFR,SEN,11697.9182430035,11.263389,0.411375,1.885734,4.872203,7.232621
Senegal,2009,48.03678,215,25.5,12.3892,7.514,AFR,SEN,16145.8674949405,12.195028,0.441375,2.050489,5.266801,7.766352
Senegal,2011,51.81455,204,25.7,12.1244,6.894,AFR,SEN,17814.2836393119,12.875878,0.462639,2.162172,5.567743,8.155702
Senegal,2013,43.5345,196,24.6,12.1181,6.503,AFR,SEN,18918.6677248817,13.595571,0.48187,2.270188,5.883091,8.569172
Senegal,2015,55.62485,189,24.1,11.8126,6.109,AFR,SEN,17774.7666961759,14.356191,0.493716,2.363626,6.192789,9.002449
Seychelles,2002,91.83646,185,19.0,8.84,7.7,AFR,SYC,742.13483750919,0.082448,0.001419,0.007126,0.022791,0.037876
Seychelles,2010,93.95423,251,14.2,7.42,7.4,AFR,SYC,981.917973654922,0.092424,0.001631,0.00807,0.022427,0.038006
Seychelles,2015,95.32108,236,13.7,7.65,7.5,AFR,SYC,1391.42796733495,0.09926,0.001646,0.00834,0.023153,0.038542
Sierra Leone,2004,34.82679,496,31.2,10.9578,17.491,AFR,SLE,1430.21708066487,5.533329,0.213429,0.964453,2.429864,3.493059
Sierra Leone,2013,32.42617,393,28.4,11.3464,11.372,AFR,SLE,4920.34331687093,6.964867,0.237734,1.110319,2.960645,4.336691
Sierra Leone,2014,47.18624,446,28.7,10.9548,11.219,AFR,SLE,5015.1807253416,7.1407,0.23763,1.1211,3.012207,4.430853
Sierra Leone,2015,48.4319,404,30.4,10.5273,10.712,AFR,SLE,4252.02935382191,7.314779,0.2375,1.128874,3.058626,4.521217
Singapore,2000,92.5494,58,6.5,11.4247,4.5,WPR,SGP,96076.5399257409,4.053602,0.046752,0.246809,0.773511,1.325019
Singapore,2010,95.85733,60,5.1,8.23,4.4,WPR,SGP,239807.98059124,5.163585,0.043014,0.218663,0.735859,1.489003
Singapore,2011,96.18604,59,4.6,7.86,4.5,WPR,SGP,279356.49909045803,5.281351,0.046033,0.221749,0.736815,1.50358
Singapore,2012,96.36979,57,3.5,9.16,4.5,WPR,SGP,295092.888076589,5.381003,0.047334,0.227477,0.742348,1.516901
Singapore,2013,96.54802,56,3.2,8.49,4.6,WPR,SGP,307576.360584992,5.478063,0.046167,0.230006,0.740991,1.523817
Singapore,2014,96.71669,55,3.1,8.22,4.7,WPR,SGP,314863.58075845503,5.570505,0.04409,0.227369,0.731159,1.522337
Singapore,2015,96.82549,54,3.0,7.56,4.8,WPR,SGP,307998.545269398,5.65002,0.044797,0.223408,0.718304,1.51158
Singapore,2016,97.04956,51,2.7,7.3,4.8,WPR,SGP,319030.057631089,5.711936,0.048592,0.224856,0.710758,1.493827
Solomon Islands,2011,84.1,165,17.4,18.5433,5.544,WPR,SLB,1063.89536069907,0.553727,0.018073,0.085444,0.227215,0.333359
South Africa,2007,88.71725,475,32.4,27.4165,12.973,AFR,ZAF,333077.11725368403,49.996096,1.078235,4.94326,14.826749,26.236258
South Africa,2009,92.89486,435,28.6,29.2416,11.947,AFR,ZAF,329754.060647129,51.17078,1.147757,5.329688,14.849213,26.336796
South Africa,2010,92.87732,416,28.6,26.9164,11.257,AFR,ZAF,417363.822801713,51.78493,1.120349,5.448761,14.880839,26.342798
South Africa,2011,93.10214,397,27.8,24.4307,10.592,AFR,ZAF,458199.494830834,52.44332,1.129399,5.542693,14.957477,26.327276
South Africa,2012,93.72947,361,26.5,24.6346,9.993,AFR,ZAF,434400.545085811,53.145036,1.14953,5.628508,15.108205,26.290548
South Africa,2014,94.1399,316,24.0,25.2779,9.432,AFR,ZAF,381198.86977610603,54.729556,1.170668,5.698088,15.540396,26.256724
South Africa,2015,94.36792,305,24.1,25.5519,9.259,AFR,ZAF,346709.790458563,55.876504,1.169598,5.754293,15.79928,26.38272
Spain,2004,97.16512,46,11.7,6.42,8.6,EUR,ESP,1069055.67527375,42.95967,0.449133,2.146169,6.21256,11.582214
Spain,2005,97.75069,44,10.6,5.97,8.8,EUR,ESP,1153715.82271751,43.685372,0.461088,2.218549,6.320838,11.587426
Spain,2006,97.75214,43,9.6,5.57,8.3,EUR,ESP,1260398.97783176,44.422824,0.475329,2.291081,6.452873,11.633446
Spain,2007,97.93884,43,8.7,5.4,8.5,EUR,ESP,1474002.57982,45.245784,0.488796,2.368036,6.603923,11.743448
Spain,2008,97.63061,70,6.9,5.78,8.4,EUR,ESP,1631863.4935523402,45.966544,0.506718,2.441305,6.758694,11.852338
Spain,2009,97.67927,67,6.0,5.62,8.3,EUR,ESP,1491472.9237066398,46.367772,0.50675,2.486034,6.884409,11.870716
Spain,2010,97.7489,65,5.4,5.05,8.2,EUR,ESP,1422108.19978334,46.572776,0.488993,2.497563,6.973611,11.830991
Spain,2011,97.78375,63,4.7,5.1,8.3,EUR,ESP,1480710.49571012,46.72923,0.47981,2.487524,7.0452,11.794984
Spain,2012,97.89454,61,4.3,5.63,8.6,EUR,ESP,1324750.738725,46.756084,0.464457,2.449695,7.083377,11.739577
Spain,2013,98.07913,59,4.0,6.16,8.3,EUR,ESP,1355579.53591255,46.60346,0.439098,2.371719,7.078412,11.640568
Spain,2014,98.09372,58,4.2,6.21,8.5,EUR,ESP,1371820.53788862,46.464548,0.42568,2.288692,7.057975,11.551784
Spain,2015,98.14326,58,4.2,5.64,9.1,EUR,ESP,1196156.97127969,46.431344,0.422938,2.229773,7.037228,11.506555
Spain,2016,98.25051,56,4.1,5.54,8.8,EUR,ESP,1233554.96701168,46.47332,0.414658,2.176751,7.015303,11.490299
Sri Lanka,2001,90.68275,222,15.3,22.3786,7.958,SEAR,LKA,15749.7538048344,18.920278,0.344423,1.638012,5.019335,8.61452
Sri Lanka,2006,90.80883,209,14.4,18.4051,7.576,SEAR,LKA,28279.8024059138,19.870706,0.363291,1.778775,5.132125,8.506307
Sri Lanka,2008,90.55795,249,14.2,17.4714,7.77,SEAR,LKA,40713.8262150093,20.28564,0.367675,1.812216,5.204874,8.510571
Sri Lanka,2010,91.18136,190,14.2,21.8653,7.369,SEAR,LKA,58636.161081711994,20.668556,0.359846,1.824449,5.274244,8.554728
Sri Lanka,2015,92.61417,190,13.9,14.6994,6.98,SEAR,LKA,85140.95538885091,21.336692,0.340469,1.749351,5.331526,8.608489
Sri Lanka,2016,92.3869,191,14.7,14.1734,6.896,SEAR,LKA,88012.2822058357,21.425494,0.332516,1.725975,5.307105,8.585382
Sudan,2000,61.34587,284,25.5,5.56,9.699,EMR,SDN,12257.299147293601,26.298778,0.942191,4.361686,11.826364,17.423436
Sudan,2008,53.51738,250,24.7,5.19,8.381,EMR,SDN,64833.083257143095,32.06524,1.129333,5.109011,13.541587,20.48012
Sudan,2015,58.60132,227,25.1,4.89,7.012,EMR,SDN,84984.666745108,38.171172,1.316486,6.158633,16.024558,23.6394
Suriname,2004,89.59806,216,29.4,26.6292,8.494,AMR,SUR,1484.09253840527,0.510588,0.011281,0.055692,0.155475,0.250565
Suriname,2008,94.62094,200,24.4,26.7012,7.452,AMR,SUR,3532.96903460838,0.533939,0.011069,0.055638,0.161118,0.255627
Suriname,2010,94.67575,194,19.5,27.4213,7.109,AMR,SUR,4368.37099792126,0.546085,0.010937,0.055037,0.163203,0.257046
Suriname,2012,92.86866,188,15.7,26.823,7.418,AMR,SUR,4980.0,0.558111,0.01086,0.05445,0.164281,0.259054
Suriname,2015,95.53899,182,11.4,25.9135,7.215,AMR,SUR,5126.23764622072,0.575478,0.010825,0.053967,0.16389,0.26254
Sweden,2003,99.0,68,6.0,11.6806,10.4,EUR,SWE,334337.21232207597,8.961506,0.097376,0.466715,1.603241,2.668179
Switzerland,2003,99.0,71,7.7,13.8352,8.6,EUR,CHE,362075.08650776,7.330729,0.071767,0.369837,1.217804,2.076715
Thailand,2000,92.64654,204,39.0,11.5867,6.043,SEAR,THA,126392.224253794,63.066604,0.855626,4.659042,15.171294,25.411652
Thailand,2005,93.50647,183,38.9,8.52,6.323,SEAR,THA,189318.408468595,65.82136,0.827105,4.196117,14.051881,24.611004
Thailand,2010,96.43091,161,38.3,7.29,6.307,SEAR,THA,341104.76632917,68.27049,0.810606,4.076776,13.168815,23.213238
Thailand,2013,93.70207,211,36.0,6.59,6.547,SEAR,THA,420333.654592547,69.5786,0.795584,4.042265,12.534297,22.645824
Thailand,2015,92.86831,205,32.8,7.15,6.724,SEAR,THA,401296.238228084,70.29441,0.751912,3.9416,12.232957,22.166186
Togo,2000,53.1776,322,30.1,17.2777,11.898,AFR,TGO,1491.8911562718201,5.008043,0.180523,0.822312,2.149458,3.165897
Togo,2006,56.88837,332,31.2,19.1923,10.919,AFR,TGO,2351.5844958792,5.874244,0.206706,0.957922,2.475736,3.647802
Togo,2009,57.09338,321,31.3,18.4733,10.488,AFR,TGO,4721.88827526937,6.398626,0.225403,1.038919,2.676162,3.938358
Togo,2011,60.40994,291,31.1,18.1197,9.98,AFR,TGO,5422.43915210906,6.748675,0.23498,1.09735,2.820672,4.136167
Togo,2015,63.74562,271,29.9,16.6917,9.165,AFR,TGO,5755.45783601866,7.473232,0.244621,1.171049,3.097259,4.532031
Tonga,2006,99.01846,148,14.7,4.73,6.627,WPR,TON,292.23066239901203,0.106202,0.002954,0.014565,0.040717,0.061135
Tonga,2011,99.38553,141,8.7,5.21,6.624,WPR,TON,414.533117692299,0.107625,0.002942,0.014163,0.040257,0.060449
Tonga,2015,99.39786,135,6.9,5.3,6.782,WPR,TON,437.00307856358404,0.10614,0.002698,0.013569,0.039017,0.058791
Trinidad and Tobago,2000,97.9,202,13.6,16.1939,6.98,AMR,TTO,8154.33823295978,1.332203,0.019774,0.098239,0.343701,0.615056
Trinidad and Tobago,2004,98.28851,196,17.9,12.5825,6.493,AMR,TTO,13280.2751230354,1.36118,0.01984,0.098074,0.308183,0.588269
Trinidad and Tobago,2014,98.91949,174,14.8,9.83,6.739,AMR,TTO,29699.9687607278,1.450663,0.020079,0.101638,0.297809,0.502837
Trinidad and Tobago,2015,98.96958,173,13.1,9.54,6.797,AMR,TTO,27026.080986578,1.46018,0.01974,0.100925,0.298293,0.498549
Tunisia,2004,74.297,133,23.4,3.78,4.939,EMR,TUN,31183.885241439602,10.29223,0.168326,0.812885,2.733671,4.897002
Tunisia,2007,77.1904,131,23.7,3.57,5.076,EMR,TUN,38915.353866757,10.580399,0.176504,0.854546,2.624809,4.778234
Tunisia,2008,77.71462,129,24.0,3.47,5.169,EMR,TUN,44859.4399022191,10.680381,0.180425,0.872609,2.60289,4.739761
Tunisia,2010,79.13058,74,23.9,3.37,5.329,EMR,TUN,46206.091937962796,10.895063,0.191997,0.911373,2.593228,4.670018
Tunisia,2011,79.65391,74,23.7,3.29,5.441,EMR,TUN,48123.3258250739,11.032529,0.200993,0.937038,2.609141,4.650242
Tunisia,2012,80.21875,74,22.9,3.24,5.519,EMR,TUN,47311.4018126733,11.174384,0.208929,0.968242,2.640763,4.637413
Tunisia,2014,79.03643,74,22.8,3.1,5.715,EMR,TUN,50271.812920612,11.428953,0.216899,1.034421,2.742543,4.626151
Tunisia,2015,81.05419,73,22.9,3.03,5.811,EMR,TUN,45779.494041929494,11.557779,0.218154,1.061326,2.802116,4.631163
Turkmenistan,2005,99.4,234,17.2,15.8141,6.869,EUR,TKM,8103.90199637024,4.88578,0.103768,0.500447,1.608603,2.658754
Turkmenistan,2014,99.67285,199,16.3,7.11,6.567,EUR,TKM,43524.2105263158,5.663159,0.144608,0.675426,1.712027,2.81752
Turkmenistan,2015,99.69293,198,16.4,6.62,6.53,EUR,TKM,35799.714285714304,5.766427,0.145691,0.695013,1.754244,2.840448
Uganda,2002,68.14251,510,33.3,20.4827,14.083,AFR,UGA,6178.56359112051,25.545098,1.137836,5.127655,12.914591,17.89854
Uganda,2006,71.37314,418,31.8,20.1469,10.77,AFR,UGA,9977.64768296954,28.77323,1.234356,5.691435,14.525768,20.339396
Uganda,2010,73.21188,364,32.3,14.6431,8.832,AFR,UGA,26673.4414307857,32.341724,1.325057,6.19907,16.137675,22.96063
Uganda,2012,70.19822,335,29.5,13.2268,7.843,AFR,UGA,27305.915910787702,34.273296,1.36944,6.451535,16.960734,24.298084
Uganda,2015,73.80984,293,30.3,11.0416,6.648,AFR,UGA,32387.1837301002,37.477356,1.420344,6.800902,18.177008,26.334912
Ukraine,2001,99.43041,254,17.8,31.206,15.3,EUR,UKR,39309.5809832282,48.414536,0.359163,2.011117,8.13843,15.497511
Ukraine,2012,99.97435,211,15.5,19.0152,14.5,EUR,UKR,182591.753827949,45.406228,0.508174,2.497175,6.576073,12.356833
Ukraine,2014,99.75347,212,13.7,20.3935,14.7,EUR,UKR,133503.87186172302,45.14807,0.494325,2.501033,6.753207,11.957724
Ukraine,2015,99.76411,188,12.9,17.8746,14.9,EUR,UKR,91030.9677890717,44.98257,0.459938,2.45646,6.822735,11.765717
United Arab Emirates,2005,90.03385,91,18.7,6.76,1.563,EMR,ARE,180617.467964602,4.280995,0.061074,0.292199,0.813559,1.611768
United Arab Emirates,2015,92.98637,75,18.1,5.25,1.014,EMR,ARE,370275.469560166,8.916909,0.102817,0.522185,1.27671,2.863437
Uruguay,2006,97.78963,157,14.5,13.7935,9.206,AMR,URY,19741.420739890098,3.322282,0.049072,0.24712,0.775901,1.274856
Uruguay,2007,97.86389,165,14.4,15.7926,9.249,AMR,URY,23797.7730243992,3.328647,0.048401,0.244791,0.769628,1.270921
Uruguay,2008,98.16356,156,15.9,13.512,9.29,AMR,URY,31119.602538832198,3.336131,0.047912,0.242496,0.763096,1.267404
Uruguay,2009,98.26723,157,16.5,13.3725,9.332,AMR,URY,32708.3190775179,3.344161,0.047593,0.24066,0.755934,1.263989
Uruguay,2010,98.07271,156,17.1,14.2563,9.369,AMR,URY,41950.3612119581,3.352653,0.047417,0.238823,0.748144,1.260284
Uruguay,2011,98.3359,155,17.5,15.024,9.402,AMR,URY,50342.406067077696,3.361631,0.047364,0.237258,0.740543,1.256265
Uruguay,2012,98.39594,156,15.6,16.0975,9.434,AMR,URY,54232.2663587811,3.371134,0.047399,0.236375,0.733575,1.252596
Uruguay,2013,98.36387,155,17.3,14.1573,9.468,AMR,URY,61337.6219337857,3.381187,0.047511,0.236079,0.727726,1.248296
Uruguay,2014,98.43593,150,16.3,15.7673,9.508,AMR,URY,61496.186973902004,3.39166,0.047483,0.236068,0.722949,1.242559
Uruguay,2015,98.52387,149,15.3,16.6639,9.559,AMR,URY,57680.3279986689,3.40282,0.047699,0.236449,0.719411,1.237501
Uruguay,2016,98.56147,149,13.4,18.7011,9.628,AMR,URY,57480.788380312,3.413768,0.047135,0.236321,0.716255,1.232253
Vanuatu,2004,78.4,168,14.2,21.9375,5.718,WPR,VUT,364.996869129618,0.212431,0.006628,0.03159,0.087801,0.130388
Vanuatu,2014,84.7,136,14.8,21.1436,6.048,WPR,VUT,772.3159838184299,0.269942,0.008618,0.041532,0.106455,0.158662
Vanuatu,2015,85.05868,132,15.5,21.1806,6.001,WPR,VUT,730.8708029670511,0.27645,0.008738,0.042417,0.109513,0.162057
Zambia,2002,69.14922,594,26.9,22.3213,15.292,AFR,ZMB,4193.85044542632,10.508294,0.437639,1.980282,5.044385,7.29232
Zambia,2007,61.12709,500,24.1,19.8376,11.351,AFR,ZMB,14056.957976264799,12.402078,0.508528,2.312709,5.85074,8.471044
Zambia,2010,83.00767,364,23.6,19.7074,9.219,AFR,ZMB,20265.559483854802,13.792095,0.546754,2.53849,6.424531,9.293192
Zambia,2015,85.11726,295,20.9,17.2602,7.196,AFR,ZMB,21251.2167987762,16.248231,0.588388,2.815071,7.393016,10.689098
Zimbabwe,2011,83.58271,440,37.4,34.3032,11.857,AFR,ZWE,14101.9203,13.025789,0.461781,2.083607,5.651078,8.259717
Zimbabwe,2014,88.69342,358,37.9,30.833,9.123,AFR,ZWE,19495.5196,13.855758,0.472525,2.256944,5.981857,8.717473
Zimbabwe,2015,86.87348,346,38.7,30.7352,8.774,AFR,ZWE,19963.1206,14.154937,0.46776,2.280912,6.068598,8.890474
